sample,meaning,strain,timepoint,condition,replicate,raw_reads,assembled_reads
R1_S86_L001,ChrRa_Plasmid1,Plasmid_A,TP0,LB,1,64704,64306
R2_S87_L001,ChrRa_Plasmid2,Plasmid_A,TP0,LB,2,78939,78395
R3_S88_L001,ChrRa_Plasmid3,Plasmid_A,TP0,LB,3,66768,66319
CR1_S1_L001,ChrRi_Plasmid1,Plasmid_I,TP0,LB,1,1486711,1482327
CR2_S2_L001,ChrRi_Plasmid2,Plasmid_I,TP0,LB,2,1941982,1936512
CR3_S3_L001,ChrRi_Plasmid3,Plasmid_I,TP0,LB,3,1544795,1540412
A1a,ChrRa_Fungal1,SC5314_A,TP0,YPD,1,10277358,10224690
A2a,ChrRa_Fungal2,SC5314_A,TP0,YPD,2,10567735,10513816
A3a,ChrRa_Fungal3,SC5314_A,TP0,YPD,3,10837769,10770419
A4a,ChrRa_Fungal4,SC5314_A,TP0,YPD,4,13860937,13780745
A1i,ChrRi_Fungal1,SC5314_I,TP0,YPD,1,34855720,34750624
A2i,ChrRi_Fungal2,SC5314_I,TP0,YPD,2,27227091,27133305
A3i,ChrRi_Fungal3,SC5314_I,TP0,YPD,3,43354205,43223703
A4i,ChrRi_Fungal4,SC5314_I,TP0,YPD,4,27173675,27091133